Durant,Phythian,dphythian0@nasa.gov,Male,1998/01/15,Brazil
Celestina,Peidro,cpeidro1@java.com,Female,2009/01/01,Iran
Clementine,Fulun,cfulun2@edublogs.org,Female,1999/11/20,China
Valeria,Ogbourne,vogbourne3@twitpic.com,Female,2000/07/12,China
Ginelle,Norcliff,gnorcliff4@hhs.gov,Female,2005/12/17,Peru
Marnie,Cartmale,mcartmale5@independent.co.uk,Female,2016/01/31,Indonesia
Ina,Kerwood,ikerwood6@forbes.com,Female,1991/05/12,Sweden
Mufinella,Danilyuk,mdanilyuk7@aol.com,Female,2018/07/25,Argentina
Hazel,Gresser,hgresser8@i2i.jp,Female,2002/03/16,China
Sebastiano,Worters,sworters9@marketwatch.com,Male,1999/11/07,Czech Republic
Donella,Lott,dlotta@eventbrite.com,Female,1994/03/29,Brazil
Karolina,Hedau,khedaub@vk.com,Female,2015/02/09,Russia
Juli,Gaffey,jgaffeyc@merriam-webster.com,Female,2015/08/31,Russia
Rozella,Schleicher,rschleicherd@ycombinator.com,Female,2006/01/03,Russia
Hurley,Ramel,hramele@oracle.com,Male,2002/04/30,Sweden
Vasilis,Beesley,vbeesleyf@liveinternet.ru,Male,2001/08/11,Philippines
Emili,Nannoni,enannonig@com.com,Female,1996/04/27,Portugal
Corie,Quibell,cquibellh@g.co,Female,1994/07/12,Philippines
Duffie,Reinhard,dreinhardi@seattletimes.com,Male,2010/08/08,Botswana
Alene,Cayzer,acayzerj@spotify.com,Female,2000/04/07,Portugal
Kirsti,Musicka,kmusickak@bbb.org,Female,2000/10/28,China
Sonni,Whacket,swhacketl@indiatimes.com,Female,2008/05/11,Indonesia
Orlan,Bickley,obickleym@ucsd.edu,Male,2004/07/02,Comoros
Harwell,Lemmertz,hlemmertzn@cisco.com,Male,2005/03/15,Bolivia
Garrick,Bolzmann,gbolzmanno@barnesandnoble.com,Male,2001/10/15,China
Kim,Karczinski,kkarczinskip@ehow.com,Female,2016/05/31,Portugal
Winonah,Shimoni,wshimoniq@zimbio.com,Female,2006/12/07,Portugal
Vernon,Durrans,vdurransr@earthlink.net,Male,2010/03/27,Malta
Gusella,Caisley,gcaisleys@dell.com,Female,2015/07/18,China
Kale,Horney,khorneyt@wiley.com,Male,1993/05/02,France
Fidole,Cockton,fcocktonu@netscape.com,Male,2013/04/29,China
Valaria,Sargent,vsargentv@newyorker.com,Female,2003/05/17,Finland
Wallis,Kellitt,wkellittw@businesswire.com,Male,2018/02/27,Sweden
Ainslie,Vise,avisex@gizmodo.com,Female,2011/04/02,Russia
Zachariah,Van der Merwe,zvandermerwey@netvibes.com,Male,2008/05/19,Peru
Noni,Alyutin,nalyutinz@51.la,Female,1990/04/29,Myanmar
Tootsie,Jurgenson,tjurgenson10@europa.eu,Female,2015/12/08,China
Megen,McArtan,mmcartan11@devhub.com,Female,1990/03/17,Canada
Mehetabel,Dingsdale,mdingsdale12@house.gov,Female,2007/07/19,Poland
Kerr,Reed,kreed13@jiathis.com,Male,1991/03/09,China
Alana,Gerrans,agerrans14@slideshare.net,Female,2004/01/07,United States
Misty,Troke,mtroke15@livejournal.com,Female,2002/06/17,China
Byran,Mariolle,bmariolle16@washingtonpost.com,Male,2012/07/09,Serbia
Lacie,Slobom,lslobom17@soup.io,Female,1994/02/13,Greece
Andrea,Wilder,awilder18@mozilla.org,Female,1997/08/01,Yemen
Bradford,Daubney,bdaubney19@un.org,Male,2016/12/10,Sweden
Vilhelmina,Dowrey,vdowrey1a@bloglovin.com,Female,2015/05/05,Poland
Birch,Fennelow,bfennelow1b@prlog.org,Male,2000/03/25,Kazakhstan
Joane,Davidavidovics,jdavidavidovics1c@dion.ne.jp,Female,2010/08/06,Brazil
Gavrielle,Wrightson,gwrightson1d@wix.com,Female,2001/03/11,Philippines
Aryn,Rolingson,arolingson1e@wikimedia.org,Female,2007/12/30,China
Erhart,Candwell,ecandwell1f@about.me,Male,2003/01/06,Brazil
Alexander,Greenhaugh,agreenhaugh1g@psu.edu,Male,2010/09/18,France
Jess,Fozard,jfozard1h@hubpages.com,Male,2005/04/24,Netherlands
Isaac,Magog,imagog1i@sakura.ne.jp,Male,1994/09/20,United States
Orin,Evenden,oevenden1j@miitbeian.gov.cn,Male,2018/02/21,Croatia
Carmela,Grimsdale,cgrimsdale1k@instagram.com,Female,1992/04/02,China
Wilfred,Buckbee,wbuckbee1l@hubpages.com,Male,1992/10/19,Colombia
Micheil,Guiu,mguiu1m@skype.com,Male,2000/09/03,Philippines
Desi,Andreacci,dandreacci1n@disqus.com,Male,2008/08/02,Ireland
Darcy,Vankov,dvankov1o@twitpic.com,Male,1993/09/01,France
Sarina,McNirlin,smcnirlin1p@biglobe.ne.jp,Female,2013/05/06,Poland
Murvyn,Mc Curlye,mmccurlye1q@google.es,Male,2011/09/14,Greece
Staffard,Mattiello,smattiello1r@qq.com,Male,1994/11/09,China
Kermy,Bockmaster,kbockmaster1s@dion.ne.jp,Male,2001/07/29,Bulgaria
Dulcea,Archbell,darchbell1t@gmpg.org,Female,2000/01/07,United States
Kirsti,Debnam,kdebnam1u@theatlantic.com,Female,2015/01/24,Jamaica
Sigfrid,Wahncke,swahncke1v@adobe.com,Male,1996/12/12,Thailand
Dolf,Pietzke,dpietzke1w@barnesandnoble.com,Male,2003/08/07,China
Misti,Pooly,mpooly1x@tuttocitta.it,Female,2004/08/26,Aland Islands
Bibby,Joutapavicius,bjoutapavicius1y@google.nl,Female,1994/04/05,Indonesia
Vasilis,Ralling,vralling1z@live.com,Male,1999/12/30,China
Kaitlynn,Tuckwell,ktuckwell20@who.int,Female,1992/10/25,Portugal
Cicely,Poel,cpoel21@myspace.com,Female,2006/04/05,Nigeria
Mora,Brane,mbrane22@hc360.com,Female,1993/04/12,Poland
Tersina,Gooderick,tgooderick23@booking.com,Female,1992/07/06,Russia
Brooke,Biggadike,bbiggadike24@sfgate.com,Male,2004/07/18,Argentina
Burl,Andryushin,bandryushin25@indiatimes.com,Male,2004/01/19,China
Sheffie,Kinloch,skinloch26@google.com.br,Male,2007/08/29,Cameroon
Garrot,Elloy,gelloy27@wsj.com,Male,2015/05/29,Sweden
Vivyanne,Trynor,vtrynor28@slashdot.org,Female,2005/01/22,Bulgaria
Arabel,Reyson,areyson29@a8.net,Female,2006/05/30,Russia
Elisabeth,Lenihan,elenihan2a@yelp.com,Female,2013/07/19,Russia
Cointon,Dobbie,cdobbie2b@flavors.me,Male,2001/02/19,Colombia
Antin,Messom,amessom2c@infoseek.co.jp,Male,2000/08/31,Russia
Aurel,Philippe,aphilippe2d@cocolog-nifty.com,Female,1996/05/02,China
Gillie,Nutbeam,gnutbeam2e@oracle.com,Female,2000/07/23,South Africa
Jerrome,McCheyne,jmccheyne2f@jimdo.com,Male,2017/01/25,Nigeria
Nolan,Ifill,nifill2g@newsvine.com,Male,2008/01/20,United States
Lock,Jolliff,ljolliff2h@chron.com,Male,1993/03/15,Mexico
Moreen,Pippard,mpippard2i@ucoz.ru,Female,2012/10/31,Kazakhstan
Ella,Laroux,elaroux2j@paginegialle.it,Female,2001/04/28,Nigeria
Kandace,Drissell,kdrissell2k@google.ca,Female,1993/01/01,China
Kennith,Drane,kdrane2l@cdbaby.com,Male,2016/01/08,Sweden
Aron,Mobbs,amobbs2m@jiathis.com,Male,1995/12/02,Germany
Dora,Gostick,dgostick2n@wsj.com,Female,2003/09/12,Armenia
Jaquenetta,De Banke,jdebanke2o@dion.ne.jp,Female,1997/05/03,China
Shani,Wickersham,swickersham2p@vinaora.com,Female,1999/11/21,France
Michale,Pedley,mpedley2q@marketwatch.com,Male,1997/01/26,Indonesia
Conney,Redhole,credhole2r@taobao.com,Male,1996/05/16,Russia
Jourdain,Dreinan,jdreinan2s@sfgate.com,Male,2008/06/24,Ukraine
Shae,McQuillan,smcquillan2t@vimeo.com,Male,2001/03/25,China
Errol,Burrows,eburrows2u@theguardian.com,Male,2005/05/04,Ukraine
Vladamir,Ardling,vardling2v@studiopress.com,Male,2003/12/21,Poland
Gav,Callinan,gcallinan2w@csmonitor.com,Male,1991/10/26,Brazil
Tobin,Scurry,tscurry2x@hao123.com,Male,2019/01/08,Indonesia
Melania,Gulston,mgulston2y@narod.ru,Female,2008/04/05,Japan
Lura,Buffey,lbuffey2z@feedburner.com,Female,2012/08/02,Poland
Gabrila,Firmage,gfirmage30@wikia.com,Female,2000/07/04,Indonesia
Stella,Martinie,smartinie31@example.com,Female,1996/07/23,Canada
Chrysa,Laydon,claydon32@stumbleupon.com,Female,1995/07/11,China
Lucina,Weatherdon,lweatherdon33@amazonaws.com,Female,2015/02/01,China
